{
    "floor": {
        "name": "PISOPLANO",
        "position": {
            "x": -11.320070266723633,
            "y": 0.008260050788521767,
            "z": -3.8026773929595949
        },
        "size": {
            "x": 67.36845397949219,
            "y": 0.000017592075892025605,
            "z": 67.34261322021485
        }
    },
    "shelves": [
        {
            "name": "ESTANTE(0)",
            "position": {
                "x": 37.7599983215332,
                "y": 1.673289773407305e-8,
                "z": 30.479999542236329
            },
            "size": {
                "x": 0.0,
                "y": 0.0,
                "z": 0.0
            }
        },
        {
            "name": "ESTANTE(1)",
            "position": {
                "x": 18.100000381469728,
                "y": 1.673289773407305e-8,
                "z": 39.060001373291019
            },
            "size": {
                "x": 0.0,
                "y": 0.0,
                "z": 0.0
            }
        }
    ],
    "machines": [
        {
            "name": "forklift(0)",
            "position": {
                "x": 0.8799999952316284,
                "y": 0.0,
                "z": 16.389999389648439
            },
            "size": {
                "x": 0.9945200085639954,
                "y": 1.2267202138900757,
                "z": 1.348565936088562
            }
        },
        {
            "name": "forklift(1)",
            "position": {
                "x": -2.759999990463257,
                "y": 0.0,
                "z": 16.389999389648439
            },
            "size": {
                "x": 0.9945200085639954,
                "y": 1.2267202138900757,
                "z": 1.348565936088562
            }
        }
    ]
}